{
	"pages": [ //pages数组中第一项表示应用启动页，参考：https://uniapp.dcloud.io/collocation/pages
		
		{
			"path": "pages/index/index",
			"style": {}
		},{
				    "path" : "pages/addnote/addnote",
				    "style" : {}
				}
				, {
			"path": "pages/note/note",
			"style": {}
		}, {
			"path": "pages/bookkeeping/bookkeeping",
			"style": {}
		}, {
			"path": "pages/personal/personal",
			"style": {}
		}, {
			"path": "pages/table/table",
			"style": {
				"navigationBarTitleText": "",
				"enablePullDownRefresh": false
			}

		}, {
			"path": "pages/presell/presell",
			"style": {
				"navigationBarTitleText": "",
				"enablePullDownRefresh": false
			}

		}, {
			"path": "pages/calendar/calendar",
			"style": {
				"navigationBarTitleText": "",
				"enablePullDownRefresh": false
			}

		},
		{
			"path": "pages/history/history",
			"style": {
				"navigationBarTitleText": "",
				"enablePullDownRefresh": false
			}

		},
		{
			"path": "pages/history_message/history_message",
			"style": {
				"navigationBarTitleText": "",
				"enablePullDownRefresh": false
			}

		},
		{
			"path": "pages/bcalendar/bcalendar",
			"style": {
				"navigationBarTitleText": "",
				"enablePullDownRefresh": false
			}

		},
		{
			"path": "pages/setstyle/setstyle",
			"style": {
				"navigationBarTitleText": "",
				"enablePullDownRefresh": false
			}
		},
		{
			"path": "pages/aboutus/aboutus",
			"style": {
				"navigationBarTitleText": "",
				"enablePullDownRefresh": false
			}
		},
		{
			"path": "pages/help/help",
			"style": {
				"navigationBarTitleText": "",
				"enablePullDownRefresh": false
			}
		},
		{
			"path": "pages/privacypolicy/privacypolicy",
			"style": {
				"navigationBarTitleText": "",
				"enablePullDownRefresh": false
			}
		}

	    ,{
            "path" : "pages/xiangxian/xiangxian",
            "style" :                                                                                    
            {
                "navigationBarTitleText": "",
                "enablePullDownRefresh": false
            }
            
        }
        ,{
            "path" : "components/easy-select/history_page/history_page",
            "style" :                                                                                    
            {
                "navigationBarTitleText": "",
                "enablePullDownRefresh": false
            }
            
        }
    ],
	"globalStyle": {
		"navigationBarTextStyle": "black",
		"navigationBarBackgroundColor": "#F8F8F8",
		"backgroundColor": "#F8F8F8",
		"navigationBarTitleText": "记划"
	},
	"tabBar": {
		"color": "#999999",
		"selectedColor": "#333333",
		"list": [{
				"text": "专注计时",
				"pagePath": "pages/index/index",
				"iconPath": "static/icon/12.png",
				"selectedIconPath": "static/icon/11.png"
			},
			{
				"text": "备忘",
				"pagePath": "pages/note/note",
				"iconPath": "static/icon/22.png",
				"selectedIconPath": "static/icon/21.png"
			},
			{
				"text": "记账",
				"pagePath": "pages/bookkeeping/bookkeeping",
				"iconPath": "static/icon/32.png",
				"selectedIconPath": "static/icon/31.png"
			},
			{
				"text": "个人中心",
				"pagePath": "pages/personal/personal",
				"iconPath": "static/icon/42.png",
				"selectedIconPath": "static/icon/41.png"
			}
		]
	}
}
